{
    "mae": 0.5753316147256488,
    "r2": 0.7492480438976001
}
