{
    "mae": 0.4650920303992942,
    "r2": 0.8533049814304826
}
